,Factor,Mutual Information
1,Gender,0.14360795821057493
2,Pclass,0.059195045030193905
3,Embarked,0.039275282847493154
5,Parch,0.03351317821008659
4,SibSp,0.023033644757599614
0,Age,0.0
